Name,Reopening Plan,Unnamed: 2
Western Governors University,Fully online,
Southern New Hampshire University,Fully online,
Liberty University,Primarily in person,
Lone Star College system,Fully online,
Ivy Tech Community College of Indiana,Primarily in person,
Texas A&M University at College Station,Primarily in person,
University of Central Florida,Primarily in person,
Ohio State University,Hybrid,
University of Maryland University College,Other,
Florida International University,Primarily online,
Houston Community College,Primarily online,
Miami Dade College,Other,
University of Florida,Primarily online,
New York University,Hybrid,
University of Texas at Austin,Hybrid,
Arizona State University,Hybrid,
Tarrant County College District,Primarily online,
Northern Virginia Community College,Primarily online,
University of Minnesota-Twin Cities,Primarily online,
Michigan State University,Fully online,
Rutgers University at New Brunswick,Primarily online,
University of Illinois at Urbana-Champaign,Hybrid,
University of Texas at Arlington,Hybrid,
University of Washington,Primarily online,
University of Southern California,Primarily online,
Pennsylvania State University at University Park,Hybrid,
University of Michigan at Ann Arbor,Hybrid,
Valencia College,Primarily online,
University of Houston,Primarily online,
University of California at Los Angeles,Primarily online,
Purdue University at West Lafayette,Primarily in person,
University of Arizona,Primarily online,
University of South Florida,Hybrid,
Indiana University at Bloomington,Primarily online,
University of Wisconsin at Madison,Primarily online,
University of California at Berkeley,Primarily online,
Brigham Young University-Idaho,Primarily online,
University of Maryland at College Park,Primarily online,
Florida State University,Primarily online,
Austin Community College,Primarily online,
Broward College,Primarily online,
California State University at Fullerton,Fully online,
California State University at Northridge,Primarily online,
Utah Valley University,Primarily online,
Temple University,Primarily online,
University of Georgia,Primarily in person,
Texas State University,Primarily in person,
Arizona State University-Skysong,Hybrid,
University of Alabama at Tuscaloosa,Primarily in person,
University of North Texas,Hybrid,
Texas Tech University,Primarily in person,
University of California at Davis,Primarily online,
University of California at San Diego,Primarily online,
University of Cincinnati,Hybrid,
California State University at Long Beach,Primarily online,
George Mason University,Hybrid,
University of Colorado at Boulder,Hybrid,
University of California at Irvine,Primarily online,
North Carolina State University,Fully online,
Kennesaw State University,Hybrid,
East Los Angeles College,Fully online,
San Jose State University,Primarily online,
San Diego State University,Primarily online,
Iowa State University,Primarily in person,
University of South Carolina at Columbia,Primarily in person,
Virginia Tech,Primarily in person,
Boston University,Hybrid,
Brigham Young University,Primarily in person,
Georgia State University,Hybrid,
College of Southern Nevada,Other,
Collin College,Primarily in person,
Colorado State University at Fort Collins,Primarily in person,
University of Utah,Primarily online,
Georgia Institute of Technology,Hybrid,
University of Texas at San Antonio,Hybrid,
San Jacinto College-Central Campus,Primarily online,
South Texas College,Hybrid,
California State University at Sacramento,Primarily online,
Palm Beach State College,Primarily online,
University of Illinois at Chicago,Primarily online,
University of Iowa,Primarily in person,
Harvard University,Fully online,
University at Buffalo,Hybrid,
Washington State University,Primarily online,
American River College,Primarily online,
Columbia University,Fully online,
Northern Arizona University,Primarily online,
Oregon State University,Primarily online,
Louisiana State University at Baton Rouge,Primarily online,
Virginia Commonwealth University,Primarily in person,
University of Massachusetts at Amherst,Primarily online,
Kaplan University at Davenport (Iowa),Fully online,
University of Nevada at Las Vegas,Primarily online,
Auburn University,Hybrid,
University of North Carolina at Chapel Hill,Fully online,
University of Missouri at Columbia,Primarily online,
San Francisco State University,Primarily online,
Florida Atlantic University,Primarily online,
University of North Carolina at Charlotte,Primarily online,
Indiana University-Purdue University at Indianapolis,Hybrid,
Mt. San Antonio College,Primarily online,
St. Petersburg College,Primarily online,
University of Kentucky,Primarily online,
Salt Lake Community College,Primarily online,
University of Tennessee at Knoxville,Hybrid,
El Paso Community College,Primarily online,
Santa Monica College,Fully online,
University of Texas at Dallas,Hybrid,
East Carolina University,Fully online,
University of Pittsburgh main campus,Primarily online,
University of Texas-Rio Grande Valley,Other,
University of Oklahoma at Norman,Primarily in person,
Ohio University,Primarily online,
Santa Ana College,Primarily online,
Weber State University,Hybrid,
George Washington University,Fully online,
Kent State University at Kent,Primarily online,
California State University at Los Angeles,Fully online,
Utah State University,Hybrid,
University of Arkansas at Fayetteville,Primarily online,
University of Kansas,Primarily in person,
University of Connecticut,Primarily online,
Columbus State Community College,Primarily online,
Portland Community College,Fully online,
Wayne State University,Primarily online,
University of Wisconsin at Milwaukee,Hybrid,
City College of San Francisco,Primarily online,
West Virginia University,Primarily online,
Pasadena City College,Primarily online,
California State Polytechnic University at Pomona,Fully online,
City University of New York Borough of Manhattan Community College,Primarily online,
Georgia Southern University,Primarily in person,
Stony Brook University,Primarily online,
Johns Hopkins University,Fully online,
Suffolk County Community College Central Administration,Primarily online,
University of California at Santa Barbara,Primarily online,
University of Pennsylvania,Fully online,
University of Nebraska at Lincoln,Primarily in person,
Portland State University,Primarily online,
University of Colorado at Denver,Primarily online,
Boise State University,Primarily in person,
University of Texas at El Paso,Primarily online,
California State University at Fresno,Primarily online,
Clemson University,Primarily online,
College of DuPageDuPage County? IL,Primarily online,
El Camino College,Primarily online,
Oklahoma State University at Stillwater,Primarily in person,
Grand Valley State University,Hybrid,
University of Virginia,Primarily online,
Drexel University,Fully online,
Bakersfield College,Primarily online,
Fresno City College,Primarily online,
University of New Mexico,Hybrid,
Old Dominion University,Primarily in person,
University of Delaware,Primarily online,
University of California at Riverside,Primarily online,
Palomar College,Primarily online,
Long Beach City College,Primarily online,
Missouri State University,Hybrid,
Cornell University,Hybrid,
Central New Mexico Community College,Primarily online,
Des Moines Area Community College,Primarily online,
Cuyahoga Community College,Primarily in person,
Florida State College at Jacksonville,Primarily online,
City University of New York Hunter College,Primarily online,
Hillsborough Community College,Primarily online,
Chaffey College,Primarily online,
Towson University,Primarily online,
Syracuse University,Hybrid,
University of Oregon,Primarily online,
Fullerton College,Fully online,
Western Michigan University,Primarily in person,
University of Mississippi,Hybrid,
DePaul UniversityCook County? IL,Fully online,
San Diego Mesa College,Primarily online,
Kansas State University,Primarily in person,
Northwestern University,Primarily online,
California Polytechnic State University at San Luis Obispo,Primarily online,
Mississippi State University,Hybrid,
University of Alabama at Birmingham,Primarily online,
Ball State University,Primarily in person,
Wake Technical Community College,Primarily online,
James Madison University,Fully online,
Cerritos College,Primarily online,
Montgomery College,Fully online,
St. John's University (NQueens County? NY,Hybrid,
Middle Tennessee State University,Hybrid,
Northeastern University,Hybrid,
Blinn College,Hybrid,
Central Michigan University,Hybrid,
University of Nevada at Reno,Hybrid,
University of Memphis,Primarily online,
University of Louisville,Primarily online,
Sacramento City College,Primarily online,
Riverside Community College District,Primarily online,
Sam Houston State University,Hybrid,
Orange Coast College,Primarily online,
Montclair State University,Primarily online,
Tidewater Community College,Primarily online,
College of the Canyons,Primarily online,
Illinois State UniversityMcLean County? IL,Primarily online,
Nova Southeastern University,Hybrid,
Mesa Community College,Primarily online,
Diablo Valley College,Primarily online,
California State University at San Bernardino,Primarily online,
University of Toledo,Primarily in person,
Macomb Community College,Primarily online,
Metropolitan State University of Denver,Hybrid,
University of North Carolina at Greensboro,Primarily online,
Richland College,Primarily online,
Santa Rosa Junior College,Primarily online,
Rio Hondo College,Fully online,
Miami University (Ohio),Primarily online,
City University of New York Queens College,Fully online,
University of North Georgia,Primarily online,
University of California at Santa Cruz,Primarily online,
Pima Community College,Primarily online,
Keiser University at Ft. Lauderdale,Primarily in person,
De Anza College,Primarily online,
Rowan University,Primarily in person,
Western Kentucky University,Primarily online,
Saddleback College,Primarily online,
Oakland University,Primarily online,
City University of New York La Guardia Community College,Primarily online,
Georgetown University,Fully online,
Eastern Michigan University,Primarily online,
Appalachian State University,Primarily online,
Ultimate Medical Academy at Clearwater,Fully online,
Front Range Community College,Primarily online,
Community College of Baltimore County,Primarily in person,
Central Piedmont Community College,Primarily online,
University of Akron,Primarily online,
Sinclair Community College,Primarily in person,
Southwestern College (Calif.),Primarily online,
Georgia State University,Hybrid,
Johnson County Community College,Primarily online,
Sierra College,Fully online,
Rio Salado College,Primarily online,
University of Massachusetts at Lowell,Primarily online,
San Joaquin Delta College,Primarily online,
City University of New York Brooklyn College,Primarily online,
Saint Louis Community College,Primarily online,
Seminole State College of Florida,Primarily online,
HACC Central Pennsylvania's Community College,Fully online,
City University of New York Bernard M. Baruch College,Primarily online,
University at Albany,Hybrid,
Glendale Community College (Ariz.),Primarily online,
Modesto Junior College,Fully online,
Grossmont College,Primarily online,
University of Rhode Island,Other,
Binghamton University,Primarily online,
University of Hawaii-Manoa,Primarily online,
Los Angeles Pierce College,Fully online,
California State University at Chico,Fully online,
San Antonio College,Primarily online,
Bowling Green State University Main Campus,Hybrid,
West Chester University of Pennsylvania,Fully online,
Vincennes University,Other,
Nassau Community College,Primarily online,
Stanford University,Primarily online,
University of Miami,Primarily in person,
City University of New York New York City College of Technology,Primarily online,
Baylor UniversityMcLennan County? TX,Hybrid,
Northern Illinois UniversityDeKalb County? IL,Primarily online,
University of Louisiana at Lafayette,Primarily in person,
Loyola University Chicago,Fully online,
University of Chicago,Hybrid,
Troy University,Hybrid,
National University,Fully online,
Montana State University at Bozeman,Primarily in person,
University of North Florida,Hybrid,
Eastfield College,Primarily online,
University of North Carolina at Wilmington,Primarily online,
California State University-Dominguez Hills,Primarily online,
Indian River State College,Hybrid,
Community College of Philadelphia,Fully online,
Duke University,Hybrid,
Florida SouthWestern State CollegeLee County? FL,Hybrid,
Fordham University,Hybrid,
Tulsa Community College,Primarily online,
Rochester Institute of Technology,Primarily in person,
University of Missouri at St. Louis,Primarily online,
University of Wisconsin at Oshkosh,Primarily online,
University of Missouri at Kansas City,Primarily online,
Metropolitan Community College (Mo.),Primarily in person,
Northwest Vista College,Primarily online,
Los Angeles Valley College,Fully online,
University of Massachusetts at Boston,Fully online,
Western Washington University,Primarily online,
Community College of Allegheny County,Primarily online,
Central Texas College,Primarily online,
Cleveland State University,Primarily online,
City College of City University of New York,Primarily online,
California State University at San Marcos,Primarily online,
San Diego Miramar College,Primarily online,
Washington University in St. Louis,Primarily online,
Eastern Florida State College,Primarily online,
Eastern Kentucky University,Primarily in person,
Cypress College,Fully online,
Wichita State University,Primarily online,
Mt. San Jacinto College,Primarily online,
California State University-East Bay,Primarily online,
Fort Hays State University,Hybrid,
Texas Woman's University,Primarily in person,
University of Nebraska at Omaha,Primarily in person,
Oakland Community College,Hybrid,
City University of New York Queensborough Community College,Fully online,
City University of New York John Jay College of Criminal Justice,Primarily online,
University of Central Oklahoma,Primarily in person,
University of New Hampshire,Primarily online,
Milwaukee Area Technical College,Primarily online,
Madison Area Technical College,Hybrid,
Long Island University-C.WNassau County? NY,Primarily in person,
San Diego City College,Primarily online,
City University of New York Kingsborough Community College,Primarily online,
Florida Gulf Coast University,Primarily in person,
Wayne County Community College District,Primarily online,
Metropolitan Community College (Neb.),Primarily online,
University of South Alabama,Primarily online,
City University of New York Herbert H. Lehman College,Primarily online,
Wilmington University (Del.),Fully online,
Lamar University,Primarily in person,
Northern Kentucky University,Hybrid,
Foothill College,Primarily online,
Chandler-Gilbert Community College,Primarily online,
Joliet Junior College,Primarily online,
Boston College,Primarily in person,
Santa Barbara City College,Primarily online,
University of Alaska at Anchorage,Primarily online,
Community College of Rhode Island,Primarily online,
University of Southern Mississippi,Primarily online,
Pennsylvania State University-World Campus,Fully online,
Emory UniversityDeKalb County? GA,Primarily online,
Saint Louis University,Primarily in person,
Wright State University,Primarily online,
Minnesota State University at Mankato,Hybrid,
Moorpark College,Primarily online,
Santa Fe College,Hybrid,
East Tennessee State University,Primarily online,
American University,Fully online,
Southeastern Louisiana University,Hybrid,
New Mexico State University at Las Cruces,Hybrid,
University of Houston-Downtown,Primarily online,
Delgado Community College,Primarily online,
Antelope Valley College,Primarily online,
College of Lake County,Primarily online,
Cosumnes River College,Primarily online,
Embry-Riddle Aeronautical University-Extended Campus,Fully in person,
Savannah College of Art and Design,Fully online,
Kean University,Primarily online,
Carnegie Mellon University,Primarily online,
Eastern Gateway Community College,Primarily online,
St. Cloud State University,Primarily online,
Los Angeles City College,Fully online,
Kirkwood Community College,Hybrid,
Delaware Technical Community College Terry Campus,Primarily online,
Glendale Community College (Calif.),Fully online,
University of North Dakota,Hybrid,
San Bernardino Valley College,Primarily online,
Chabot College,Primarily online,
North Dakota State University,Hybrid,
Grand Rapids Community College,Primarily online,
University of Maryland-Baltimore County,Primarily online,
Moraine Valley Community College,Primarily online,
Daytona State College,Primarily online,
University of West Georgia,Primarily in person,
Brookhaven College,Primarily online,
MiraCosta Community College DistrictSan Diego County? CA,Primarily online,
Arkansas State University at Jonesboro,Primarily in person,
Harper College,Primarily online,
University of the Cumberlands,Hybrid,
Rutgers University at Newark,Primarily online,
University of Northern Colorado,Hybrid,
Yale University,Primarily online,
University of Vermont,Hybrid,
Los Angeles Trade-Technical College,Fully online,
Bergen Community College,Primarily online,
Pace University,Primarily online,
Ventura College,Fully online,
Southern Illinois University at Edwardsville,Primarily online,
Ferris State University,Primarily in person,
City University of New York College of Staten Island,Primarily online,
Bellevue College,Fully online,
Pikes Peak Community College,Primarily online,
Marshall University,Primarily online,
Stephen F. Austin State University,Hybrid,
Citrus College,Fully online,
University of Colorado at Colorado Springs,Hybrid,
Tarleton State University,Primarily in person,
University of Wisconsin at Whitewater,Primarily online,
Irvine Valley College,Fully online,
Indiana State University,Primarily in person,
Anne Arundel Community College,Fully online,
University of West Florida,Hybrid,
Vanderbilt University,Other,
Southern Illinois University at Carbondale,Primarily online,
Tulane University,Primarily in person,
Eastern Washington University,Primarily online,
Youngstown State University,Primarily online,
University of Notre Dame,Primarily in person,
College of the Sequoias,Primarily online,
Bunker Hill Community College,Fully online,
Hinds Community College,Hybrid,
Hartnell College,Primarily online,
Georgia Gwinnett College,Hybrid,
University of Wyoming,Primarily in person,
Texas State Technical CollegeMcLennan County? TX,Primarily online,
Texas A&M University at Commerce,Primarily in person,
Idaho State University,Primarily in person,
Central Washington University,Primarily in person,
Monroe Community College,Primarily online,
Washtenaw Community College,Fully online,
Victor Valley College,Fully online,
Ozarks Technical Community College,Primarily in person,
Henry Ford College,Primarily online,
Trident Technical College,Hybrid,
North Carolina A&T State University,Primarily in person,
South Dakota State University,Hybrid,
Arkansas Tech University,Primarily in person,
Columbia College (Mo.),Primarily in person,
Oklahoma City Community College,Primarily online,
University of Denver,Primarily online,
Texas A&M University at Corpus Christi,Primarily in person,
Tallahassee Community College,Hybrid,
Louisiana Tech University,Primarily in person,
Case Western Reserve University,Primarily online,
Prince George's Community College,Primarily online,
Del Mar College,Primarily online,
Brookdale Community College,Primarily online,
University of Idaho,Primarily in person,
Central Connecticut State University,Primarily online,
University of Rochester,Hybrid,
Saint Leo University,Hybrid,
Touro College (N.YNew York County? NY,Primarily online,
Lansing Community College,Primarily online,
West Los Angeles College,Fully online,
El Centro College,Primarily online,
Fox Valley Technical College,Undetermined,
Jefferson Community and Technical College,Hybrid,
Stark State College,Primarily online,
Southern Methodist University,Hybrid,
Western Carolina University,Hybrid,
University of Tennessee at Chattanooga,Primarily in person,
Golden West College,Primarily online,
Mountain View College,Fully online,
Marquette University,Hybrid,
University of Wisconsin at Eau Claire,Primarily in person,
St. Philip's College,Primarily online,
Tufts University,Hybrid,
Arizona State University-Downtown Phoenix,Hybrid,
Massachusetts Institute of Technology,Primarily online,
Arapahoe Community College,Hybrid,
Westchester Community College,Primarily online,
Fayetteville Technical Community College,Primarily online,
Pasco-Hernando Community College,Primarily online,
North Lake College,Fully online,
Northeast Wisconsin Technical College,Primarily online,
University of Central Missouri,Primarily in person,
Indiana University of Pennsylvania,Hybrid,
Campbellsville University,Primarily online,
New Jersey Institute of Technology,Hybrid,
Park University,Primarily online,
College of the Desert,Fully online,
Webster University,Primarily in person,
University of Maine at Orono,Hybrid,
Santiago Canyon College,Primarily online,
Cabrillo College,Primarily online,
Delaware County Community College,Primarily online,
Allan Hancock College,Primarily online,
University of Dayton,Primarily online,
Valdosta State University,Primarily in person,
Reedley College,Primarily online,
University of Northern Iowa,Primarily in person,
University of Central Arkansas,Primarily online,
Northwestern State University,Primarily in person,
Southeast Missouri State University,Primarily in person,
Villanova University,Primarily in person,
University of Minnesota at Duluth,Primarily online,
Cuesta College,Primarily online,
Merced College,Primarily online,
Bridgewater State University,Primarily online,
University of Southern Indiana,Hybrid,
Coastline Community College,Primarily online,
University of Montana at Missoula,Primarily online,
Phoenix College,Primarily online,
Austin Peay State University,Hybrid,
Thomas Edison State University,Fully in person,
Texas Christian University,Hybrid,
Hudson Valley Community College,Primarily online,
Middlesex County College,Primarily online,
Pellissippi State Community College,Primarily online,
Norco College,Primarily online,
Butte College,Primarily online,
Hofstra University,Primarily in person,
Greenville Technical College,Primarily in person,
Truckee Meadows Community College,Primarily online,
California State University at Bakersfield,Primarily online,
College of Charleston,Primarily online,
University of San Francisco,Fully online,
Lorain County Community College,Primarily online,
Coastal Carolina University,Primarily online,
Indiana Wesleyan University-National and Global,Fully online,
University of Wisconsin at La Crosse,Primarily online,
Polk State College,Primarily online,
California State University-Stanislaus,Primarily online,
New School,Fully online,
Triton College,Primarily online,
Erie Community College City Campus,Primarily online,
North Central Texas College,Primarily online,
Guilford Technical Community College,Primarily in person,
City University of New York Bronx Community College,Hybrid,
University of Arkansas at Little Rock,Hybrid,
California Baptist University,Primarily online,
Chattahoochee Technical College,Primarily in person,
Purdue University Northwest,Hybrid,
Montgomery County Community College,Primarily online,
State University of New York Empire State College,Primarily online,
Laney College,Primarily online,
Angelo State University,Hybrid,
Spokane Community College,Primarily in person,
College of Western Idaho,Primarily in person,
Brown University,Primarily online,
State College of Florida Manatee-Sarasota,Hybrid,
Quinnipiac University,Primarily in person,
University of Texas at Tyler,Hybrid,
William Paterson University of New Jersey,Primarily in person,
Southern Utah University,Primarily online,
Morehead State University,Hybrid,
Tennessee Technological University,Primarily in person,
Laredo College,Undetermined,
Seton Hall University,Hybrid,
Chemeketa Community College,Primarily online,
John Tyler Community College,Primarily online,
Purdue University Fort Wayne,Hybrid,
Tyler Junior College,Hybrid,
Independence University,Fully online,
Azusa Pacific University,Fully online,
Moreno Valley College,Primarily online,
University of South Dakota,Primarily in person,
Southern Connecticut State University,Primarily online,
University of St. Thomas (Minn,Hybrid,
West Texas A&M University,Primarily in person,
Florida A&M University,Hybrid,
Estrella Mountain Community College,Primarily online,
State University of New York at Farmingdale,Hybrid,
Dixie State University,Primarily in person,
Schoolcraft College,Hybrid,
Midlands Technical College,Primarily in person,
Regent University,Primarily in person,
Los Angeles Mission College,Fully online,
Clark College,Primarily online,
Amarillo College,Hybrid,
Palo Alto College,Primarily online,
Loyola Marymount University,Primarily online,
Onondaga Community College,Hybrid,
Normandale Community College,Primarily online,
City Colleges of Chicago Wilbur Wright College,Primarily online,
Pensacola State College,Primarily online,
Northampton Community College,Primarily in person,
Los Medanos College,Primarily online,
University of Alabama at Huntsville,Hybrid,
Calhoun Community College,Primarily online,
Texas Southern University,Hybrid,
Camden County College,Primarily online,
Bellevue University,Fully in person,
Stockton University,Hybrid,
Chapman University,Primarily online,
Evergreen Valley College,Fully online,
Elgin Community College,Primarily online,
Bluegrass Community and Technical College,Primarily online,
Prairie View A&M University,Primarily in person,
Colorado Mesa University,Primarily in person,
Lindenwood University,Hybrid,
Owens Community College,Hybrid,
University of Michigan at Dearborn,Primarily online,
Sonoma State University,Primarily online,
Murray State University,Primarily in person,
Union County College,Primarily in person,
Solano Community College,Primarily online,
Southwest Tennessee Community College,Primarily online,
Radford University,Primarily in person,
University of Tampa,Primarily in person,
Baker College of Flint,Primarily online,
South Plains College,Primarily in person,
University of Louisiana at Monroe,Primarily online,
Duquesne University,Hybrid,
San Jose City College,Fully online,
Southeast Community College (Neb.),Hybrid,
Howard Community College,Primarily online,
Waubonsee Community College,Primarily online,
Volunteer State Community College,Primarily online,
Howard University,Fully online,
Maryville University of Saint Louis,Hybrid,
Gwinnett Technical College,Hybrid,
Buffalo State College,Primarily online,
Shasta College,Hybrid,
University of Wisconsin at Stevens Point,Primarily online,
Jefferson State Community College,Primarily online,
University of San Diego,Primarily online,
Mercy College,Hybrid,
Lane Community College,Primarily in person,
Skyline College,Primarily online,
Las Positas College,Primarily online,
University of Houston-Clear Lake,Primarily online,
Sacred Heart University,Primarily in person,
McLennan Community CollegeMcLennan County? TX,Hybrid,
University of Wisconsin at Platteville,Primarily online,
Mississippi Gulf Coast Community College Perkinston Campus,Hybrid,
College of San Mateo,Primarily online,
Creighton University,Primarily in person,
Bloomsburg University of Pennsylvania,Fully online,
Century College,Primarily online,
Rowan College at Burlington County,Primarily online,
Illinois Central College,Primarily online,
Anoka-Ramsey Community College,Primarily online,
Southwestern Illinois College,Hybrid,
Ohlone College,Fully online,
Cuyamaca College,Primarily online,
College of William & Mary,Primarily online,
Georgia Military College,Primarily online,
Slippery Rock University of Pennsylvania,Primarily online,
University of Wisconsin-Stout,Primarily online,
Fashion Institute of Technology,Primarily online,
Brandman University,Fully online,
Southeastern University (Fla.),Hybrid,
Scottsdale Community College,Primarily online,
Mercer University,Fully in person,
J. Sargeant Reynolds Community College,Primarily online,
Los Angeles Harbor College,Fully online,
City University of New York York College,Primarily online,
City Colleges of Chicago Harold Washington College,Primarily online,
Santa Clara University,Primarily online,
Mt. Hood Community College,Primarily online,
Navarro College,Primarily in person,
Missouri University of Science and Technology,Primarily in person,
Dutchess Community College,Primarily online,
Folsom Lake College,Hybrid,
Salisbury University,Hybrid,
University of Wisconsin at Green Bay,Primarily online,
University of California at Merced,Primarily online,
Texas A&M University at Kingsville,Primarily in person,
Saginaw Valley State University,Primarily in person,
University of Massachusetts at Dartmouth,Hybrid,
Western Illinois UniversityMcDonough County? IL,Primarily in person,
Jacksonville State University,Primarily online,
Green River College,Primarily online,
Augusta University,Hybrid,
Oakton Community College,Primarily online,
Hudson County Community College,Primarily online,
Wake Forest University,Primarily online,
Cape Fear Community College,Primarily in person,
Butler Community College (Kan.),Primarily in person,
Princeton University,Fully online,
Imperial Valley College,Primarily online,
Salem State University,Hybrid,
Kutztown University of Pennsylvania,Hybrid,
State University of New York College at Brockport,Hybrid,
Nashville State Community College,Hybrid,
University of the Incarnate Word,Primarily online,
Belmont University,Primarily online,
Baton Rouge Community College,Primarily online,
Chattanooga State Community College,Primarily online,
Central Georgia Technical College,Primarily online,
North Carolina Central University,Hybrid,
Cincinnati State Technical and Community College,Primarily online,
Pitt Community College,Primarily online,
Ocean County College,Primarily online,
University of New Orleans,Hybrid,
Adelphi University,Primarily online,
University of Southern Maine,Primarily online,
Paradise Valley Community College,Primarily online,
Northeastern Illinois University,Primarily online,
Middlesex Community College,Hybrid,
Delta College,Primarily online,
Columbus State University,Primarily in person,
Kalamazoo Valley Community College,Primarily online,
University of La Verne,Primarily in person,
Edmonds Community College,Primarily online,
Cedar Valley College,Primarily online,
Monterey Peninsula College,Fully online,
University of New England,Hybrid,
New Jersey City University,Hybrid,
State University of New York College at Oswego,Fully online,
Community College of Aurora,Primarily online,
NorthWest Arkansas Community CollegeBenton County? AR,Primarily online,
Humboldt State University,Primarily online,
Pepperdine University,Fully online,
Waukesha County Technical College,Primarily online,
Everett Community College,Primarily online,
Regis University,Hybrid,
Rensselaer Polytechnic Institute,Primarily online,
Community College of Denver,Hybrid,
Raritan Valley Community College,Primarily online,
Texas A&M International University,Primarily in person,
Northeastern State University,Hybrid,
New Mexico State University Dona Ana Community College,Primarily online,
Fairleigh Dickinson University,Primarily online,
Metropolitan State University,Primarily online,
West Valley College,Primarily online,
Middle Georgia State University,Primarily in person,
Winona State University,Primarily online,
Thomas Jefferson University,Hybrid,
Mission College,Primarily online,
Forsyth Technical Community College,Primarily online,
Tennessee State University,Hybrid,
Lee College,Primarily online,
Eastern Iowa Community College District Central Office,Primarily in person,
Rhode Island College,Primarily online,
Clovis Community College (Calif.),Primarily online,
Bucks County Community College,Primarily online,
Millersville University of Pennsylvania,Primarily online,
Mott Community College,Primarily online,
Morgan State University,Fully online,
College of New Jersey,Primarily online,
Mercer County Community College,Primarily online,
Thomas Nelson Community College,Primarily online,
City Colleges of Chicago Harry S. Truman College,Primarily online,
McNeese State UniversityCalcasieu Parish? LA,Primarily in person,
Chippewa Valley Technical College,Primarily online,
Colorado Christian University,Primarily in person,
Northwest Mississippi Community College,Primarily in person,
State University of New York at New Paltz,Primarily online,
Northern Michigan University,Primarily in person,
Saint Joseph's University (Pa.),Hybrid,
Gonzaga University,Hybrid,
County College of Morris,Primarily online,
California State University-Monterey Bay,Primarily online,
University of Michigan at Flint,Primarily online,
Eastern Illinois University,Primarily in person,
Essex County College,Primarily online,
St. Johns River State College,Hybrid,
University of North Alabama,Hybrid,
California State University-Channel Islands,Primarily online,
Merritt College,Primarily online,
Arizona Western College,Primarily online,
Rose State College,Undetermined,
Coastal Alabama Community College,Fully online,
Oxnard College,Fully online,
University of Alaska at Fairbanks,Hybrid,
Red Rocks Community College,Primarily online,
Johnson & Wales University (R.IProvidence County? RI,Primarily online,
Hostos Community College-City University of New York,Primarily in person,
Yavapai College,Primarily online,
California University of Pennsylvania,Fully online,
Seattle University,Primarily online,
Quinsigamond Community College,Primarily online,
Jackson State University,Primarily online,
Bristol Community College,Hybrid,
Germanna Community College,Primarily online,
Fitchburg State University,Primarily in person,
Contra Costa College,Primarily online,
Barry University,Hybrid,
Suffolk University,Primarily online,
West Georgia Technical College-Murphy Campus,Fully in person,
New York Institute of Technology,Primarily online,
Michigan Technological University,Primarily in person,
Rutgers University at Camden,Primarily online,
Southwest Minnesota State University,Primarily online,
University of North Carolina at Pembroke,Primarily in person,
Texas Southmost College,Fully online,
Rowan College-Gloucester County,Primarily online,
Xavier University (Ohio),Primarily in person,
Rice University,Hybrid,
Lehigh Carbon Community College,Primarily online,
City Colleges of Chicago Malcolm X College,Primarily online,
Odessa College,Undetermined,
Parkland College,Primarily online,
MCPHS University,Hybrid,
University of Tennessee at Martin,Hybrid,
El Camino College at Compton (Calif.),Primarily online,
Clayton State University,Primarily in person,
Gateway Technical College,Primarily in person,
Louisiana State University at Shreveport,Primarily in person,
Columbia Basin College,Primarily online,
McHenry County CollegeMcHenry County? IL,Hybrid,
Gateway Community College (Conn.),Primarily in person,
Massasoit Community College,Primarily online,
Elon University,Primarily in person,
Georgia College and State University,Primarily in person,
Berklee College of Music,Fully online,
Minneapolis Community and Technical College,Primarily online,
City Colleges of Chicago Richard J. Daley College,Primarily online,
Stevens Institute of Technology,Hybrid,
Saint Paul College,Primarily online,
College of Southern Idaho,Primarily online,
Kapiolani Community College,Primarily in person,
Southwest Texas Junior College,Primarily online,
Asheville-Buncombe Technical Community College,Primarily online,
Motlow State Community College,Primarily online,
College of Southern Maryland,Primarily online,
Worcester Polytechnic Institute,Hybrid,
University of New Haven,Primarily in person,
Lakeland Community College,Primarily online,
Rockland Community College,Primarily online,
State University of New York College at Cortland,Primarily online,
Northwest Missouri State University,Hybrid,
Lehigh University,Primarily online,
Virginia Western Community College,Primarily online,
Columbia College Chicago,Primarily online,
College of Central Florida,Primarily online,
Seattle Central College,Primarily online,
Lord Fairfax Community College,Primarily online,
Horry-Georgetown Technical College,Primarily in person,
University of Hartford,Primarily in person,
Wharton County Junior College,Primarily online,
Illinois Institute of Technology,Hybrid,
Davenport University,Hybrid,
Colorado State University at Pueblo,Primarily in person,
University of Hawaii Leeward Community College,Primarily online,
Lewis and Clark Community College,Hybrid,
Southern University,Hybrid,
San Juan College,Primarily online,
City University of New York Medgar Evers College,Primarily online,
Ashland University,Hybrid,
Pittsburg State University,Hybrid,
Marist College,Primarily in person,
Widener University,Primarily online,
Olympic College,Primarily online,
Orange County Community College,Primarily online,
Embry-Riddle Aeronautical University at Daytona Beach (Fla.),Fully in person,
Bossier Parish Community College,Primarily online,
Dartmouth College,Primarily online,
Washburn University,Hybrid,
Texas A&M University at San Antonio,Primarily in person,
University of Arkansas at Fort Smith,Primarily in person,
Crafton Hills College,Fully online,
State University of New York College at Oneonta,Fully online,
Highline College,Primarily online,
Ithaca College,Fully online,
State University of New York Broome Community College,Hybrid,
University of the Pacific,Fully online,
Passaic County Community College,Primarily online,
Yeshiva University,Primarily in person,
Nicholls State University,Primarily online,
Campbell University,Primarily online,
Lewis University,Primarily online,
East Stroudsburg University of Pennsylvania,Primarily online,
Elizabethtown Community and Technical College,Primarily online,
Northcentral Technical College,Primarily online,
Weatherford College,Primarily in person,
College of Alameda,Primarily online,
Shippensburg University of Pennsylvania,Primarily online,
Concordia University Wisconsin,Primarily in person,
Albany State University,Hybrid,
Rowan-Cabarrus Community College,Primarily online,
Central Community College,Primarily in person,
University of Nebraska at Kearney,Hybrid,
Colorado School of Mines,Primarily in person,
Bowie State University,Primarily in person,
Fayetteville State University,Primarily online,
Mohawk Valley Community College,Primarily online,
North Hennepin Community College,Primarily online,
South Louisiana Community College,Primarily online,
Southern Oregon University,Primarily in person,
Blue Ridge Community and Technical College,Primarily online,
Florida Institute of Technology,Primarily in person,
St. Charles Community College,Primarily online,
Aims Community College,Hybrid,
Rock Valley College,Primarily online,
Tacoma Community College,Primarily online,
Naugatuck Valley Community College,Primarily online,
Minnesota State Community and Technical College at Fergus Falls,Primarily in person,
Columbia State Community College,Primarily online,
Worcester State University,Primarily in person,
Pueblo Community College,Hybrid,
West Kentucky Community and Technical CollegeMcCracken County? KY,Primarily online,
Georgia Highlands College,Primarily in person,
South Seattle College,Primarily online,
University of South Carolina Upstate,Hybrid,
Ramapo College of New Jersey,Primarily online,
Monmouth University,Primarily in person,
Taft College,Fully online,
Walters State Community College,Primarily online,
Northeast State Community College,Hybrid,
University of Wisconsin at River Falls,Primarily online,
Biola University,Primarily online,
Alabama A&M University,Hybrid,
Midwestern State University,Primarily online,
Westfield State University,Primarily online,
Tri-County Technical College,Hybrid,
Simmons University,Fully online,
Cerro Coso Community College,Primarily online,
Pierce College-Fort Steilacoom,Primarily online,
Clackamas Community College,Primarily online,
Berkeley City College,Fully online,
Eastern Arizona College,Hybrid,
Missouri Southern State University,Primarily in person,
Aurora University,Primarily online,
Concordia University Chicago,Fully online,
Eastern New Mexico University,Primarily online,
Manchester Community College (Conn.),Primarily online,
Frederick Community College,Hybrid,
National-Louis University,Primarily online,
Canada College,Primarily online,
University of Washington at Bothell,Primarily online,
Iowa Western Community College,Hybrid,
Catholic University of America,Fully online,
Shoreline Community College,Primarily online,
Finger Lakes Community College,Primarily online,
University of Indianapolis,Primarily online,
Yuba College,Other,
North Seattle College,Primarily online,
Kansas City Kansas Community College,Hybrid,
Bradley University,Primarily online,
Harford Community College,Primarily online,
Minnesota State University at Moorhead,Hybrid,
Somerset Community College,Primarily online,
Truman State University,Hybrid,
Southern Maine Community College,Primarily online,
Georgia Northwestern Technical College,Hybrid,
University of Texas of the Permian Basin,Hybrid,
Winthrop University,Primarily online,
Brandeis University,Primarily online,
Emporia State University,Primarily in person,
North Shore Community College,Primarily online,
Clark State Community College,Hybrid,
State University of New York College at Plattsburgh,Hybrid,
Oklahoma State University at Oklahoma City,Primarily online,
Colorado Mountain College,Hybrid,
Roane State Community College,Hybrid,
Holmes Community College,Primarily online,
Los Angeles Southwest College,Fully online,
Western Iowa Tech Community College,Primarily online,
Missouri Western State University,Primarily in person,
Gavilan College,Primarily online,
Loyola University Maryland,Fully online,
Gulf Coast State College,Hybrid,
Western Connecticut State University,Primarily online,
Samford University,Hybrid,
State University of New York College at Geneseo,Hybrid,
Hutchinson Community College and Area Vocational School,Primarily in person,
Alvin Community College,Primarily online,
Lincoln Land Community College,Primarily online,
Framingham State University,Primarily online,
Saint Mary's University of Minnesota,Primarily online,
Linn-Benton Community College,Primarily online,
Genesee Community College,Primarily in person,
Snow College,Fully in person,
Northeast Lakeview College,Primarily online,
Napa Valley College,Primarily online,
Northwest Florida State College,Primarily in person,
Butler University,Primarily online,
University of Bridgeport,Primarily in person,
Bentley University,Primarily online,
Midland College,Primarily online,
Piedmont Virginia Community College,Primarily online,
Durham Technical Community College,Primarily online,
Norwalk Community College,Primarily online,
Bethel University (Tenn.),Primarily in person,
Iowa Central Community College,Primarily in person,
Lee University,Fully in person,
Community College of Vermont,Primarily online,
Gaston College,Primarily online,
University of Washington at Tacoma,Primarily online,
Concordia University (Ore.),Other,
Oregon Institute of Technology,Primarily online,
Pennsylvania College of Technology,Primarily in person,
Frostburg State University,Primarily online,
Missouri Baptist University,Primarily online,
University of Scranton,Hybrid,
Lake Superior College,Primarily in person,
Fairfield University,Primarily in person,
North Idaho College,Hybrid,
Southwestern Oklahoma State University,Primarily in person,
Hawkeye Community College,Primarily online,
Northern Essex Community College,Primarily online,
Schenectady County Community College,Primarily online,
Indiana University at South Bend,Hybrid,
Auburn University at Montgomery,Hybrid,
Eastern Connecticut State University,Primarily in person,
Holyoke Community College,Primarily online,
Grambling State University,Primarily in person,
Norfolk State University,Primarily online,
Abilene Christian University,Primarily in person,
Moberly Area Community College,Primarily in person,
University of West Alabama,Fully in person,
Utica College,Hybrid,
La Salle University,Fully online,
Central Carolina Community College,Primarily in person,
Winston-Salem State University,Hybrid,
Western Oregon University,Primarily online,
Spokane Falls Community College,Primarily online,
Skagit Valley College,Primarily online,
Indiana University Southeast,Hybrid,
High Point University,Fully in person,
Wilkes University,Primarily online,
Rochester Community and Technical College,Primarily online,
Harding University,Hybrid,
Dalton State College,Primarily in person,
University of Detroit Mercy,Hybrid,
Bemidji State University,Primarily online,
Mississippi College,Primarily online,
Arizona State University-Polytechnic,Hybrid,
State University of New York College at Old Westbury,Fully online,
Jackson College (Mich.),Fully online,
Gateway Community College,Primarily online,
Heartland Community CollegeMcLean County? IL,Primarily online,
Plymouth State University,Hybrid,
Wallace State Community College at Hanceville (Ala.),Other,
Concordia University at St. Paul,Primarily in person,
Niagara County Community College,Primarily online,
Central Arizona College,Fully online,
William Carey University,Primarily online,
University of Baltimore,Fully online,
College of Marin,Primarily online,
Northeast Community College,Primarily in person,
Pratt Institute,Primarily online,
Housatonic Community College,Primarily online,
Luzerne County Community College,Undetermined,
Atlantic Cape Community College,Primarily online,
Franklin University,Fully online,
Paris Junior College,Primarily in person,
Christopher Newport University,Primarily online,
Benedictine UniversityDuPage County? IL,Primarily in person,
Pennsylvania State University-Harrisburg,Hybrid,
Itawamba Community College,Primarily online,
Nevada State College,Primarily online,
Molloy College,Primarily in person,
Springfield Technical Community College,Undetermined,
Angelina College,Hybrid,
Longwood University,Primarily in person,
Temple College,Fully online,
Southern Crescent Technical College,Primarily in person,
Robert Morris University (Pa.),Primarily online,
Central Oregon Community College,Primarily in person,
South Puget Sound Community College,Primarily online,
University of Cincinnati-Blue Ash College,Hybrid,
University of Findlay (Ohio),Hybrid,
Drake University,Primarily in person,
Kilgore College,Primarily in person,
Clarion University of Pennsylvania,Primarily online,
Jackson State Community College,Primarily online,
Roger Williams University,Primarily in person,
St. Catherine University,Primarily online,
Governors State University,Hybrid,
Westmoreland County Community College,Primarily online,
Rogue Community College,Undetermined,
Lesley University,Primarily online,
Pearl River Community College,Primarily online,
Edinboro University of Pennsylvania,Primarily online,
Rider University,Primarily online,
Lake-Sumter State College,Primarily online,
Harrisburg University of Science and Technology,Fully online,
Lincoln Memorial University,Primarily in person,
Endicott College,Primarily in person,
Wiregrass Georgia Technical College,Fully in person,
Kent State University-Stark,Primarily online,
Dallas Baptist University,Hybrid,
Hennepin Technical College,Primarily online,
Gadsden State Community College,Hybrid,
Northshore Technical Community College Sullivan Campus,Primarily in person,
State Fair Community College,Primarily online,
University of Mary Washington,Primarily online,
University of South Florida at St. Petersburg,Hybrid,
Indiana Institute of Technology-College of Professions Studies,Primarily online,
Providence College,Fully online,
College of the Mainland,Primarily online,
State University of New York at Fredonia,Hybrid,
Olivet Nazarene University,Primarily in person,
Merrimack College,Hybrid,
Southern Regional Technical College,Hybrid,
West Hills College Coalinga (Calif.),Primarily online,
Lipscomb University,Primarily in person,
Coastal Bend College,Fully online,
Catawba Valley Community College,Hybrid,
George C. Wallace Community College at Dothan (Ala,Other,
University of Redlands,Fully online,
WSU Campus of Applied Sciences and Technology,Hybrid,
Point Loma Nazarene University,Hybrid,
Delaware State University,Primarily online,
Lake Land College,Hybrid,
University of Illinois at Springfield,Primarily online,
Emerson College,Hybrid,
College of the Redwoods,Primarily online,
Athens Technical College,Primarily in person,
Southeastern Oklahoma State University,Hybrid,
Spartanburg Community College,Primarily online,
Champlain College,Hybrid,
University of Arkansas-Pulaski Technical College,Fully in person,
Southern Union State Community College,Hybrid,
Baltimore City Community College,Fully online,
Crowder College,Primarily online,
Wentworth Institute of Technology,Hybrid,
Wayland Baptist University,Primarily in person,
Jones College,Primarily online,
Piedmont Technical College,Hybrid,
Howard College,Hybrid,
Southcentral Kentucky Community & Technical College,Hybrid,
Jamestown Community College,Primarily online,
Southern Arkansas University,Undetermined,
Moraine Park Technical College,Primarily in person,
Yakima Valley Community College,Primarily online,
Pierce College District,Undetermined,
Northeast Iowa Community College,Primarily in person,
Hill College,Primarily online,
Arizona State University-West,Primarily online,
Bates Technical College,Primarily online,
Jefferson College,Primarily online,
New River Community College,Primarily online,
Alabama State University,Hybrid,
Augusta Technical College,Hybrid,
Upper Iowa University,Primarily in person,
Virginia State University,Fully online,
California Lutheran University,Primarily online,
Big Sandy Community and Technical College,Primarily in person,
Grayson College,Hybrid,
Massachusetts Bay Community College,Fully online,
University of Tulsa,Hybrid,
Morton College,Primarily online,
Shelton State Community College,Primarily online,
Stetson University,Hybrid,
University of Houston-Victoria,Primarily online,
Black Hawk College,Primarily online,
Roosevelt University,Primarily online,
Saint Cloud Technical and Community College,Primarily online,
Hampton University,Fully online,
Trine University,Primarily in person,
York College of Pennsylvania,Hybrid,
Montana State University at Billings,Primarily in person,
Pennsylvania State University at Erie The Behrend College,Hybrid,
Brazosport College,Hybrid,
St. Edward's University,Hybrid,
University of Wisconsin-Parkside,Primarily online,
Fresno Pacific University,Fully online,
Gannon University,Hybrid,
Abraham Baldwin Agricultural College,Primarily online,
Cameron University,Primarily in person,
Porterville College,Primarily online,
University of Portland,Fully online,
Clarkson University,Hybrid,
Inver Hills Community College,Primarily online,
Whatcom Community College,Primarily online,
Loyola University New Orleans,Primarily online,
York Technical College,Primarily online,
Alamance Community College,Primarily online,
Kellogg Community College,Primarily online,
Trinity Valley Community College,Primarily in person,
University of the District of Columbia,Primarily online,
Texarkana College,Primarily in person,
West Hills College Lemoore (Calif.),Hybrid,
Barton County Community College,Primarily in person,
State University of New York College at Purchase,Primarily online,
South Suburban College of Cook County,Fully online,
Manhattan College,Hybrid,
St. Thomas University,Primarily in person,
Jacksonville University,Primarily in person,
Santa Fe Community College (N.MSanta Fe County? NM,Primarily online,
Belhaven University,Primarily online,
Reading Area Community College,Primarily online,
Maysville Community and Technical College,Hybrid,
Florence-Darlington Technical College,Undetermined,
Northern Oklahoma College,Hybrid,
Northern Wyoming Community College District,Primarily in person,
Concordia University (Calif.),Primarily online,
Hagerstown Community College,Primarily online,
Cedarville University,Primarily in person,
University of Maine at Augusta,Primarily online,
Palo Verde College,Hybrid,
St. Joseph's College-Long Island,Primarily online,
Point Park University,Hybrid,
Blue Ridge Community College (Va.),Primarily online,
Laramie County Community College,Primarily online,
Gateway Community and Technical College,Primarily online,
Hawaii Pacific University,Primarily in person,
Muskegon Community College,Primarily online,
Savannah State University,Undetermined,
South Mountain Community College,Primarily online,
Mohave Community College,Primarily online,
Oral Roberts University,Hybrid,
Lanier Technical College,Hybrid,
Central Virginia Community College,Primarily online,
Johnston Community College,Hybrid,
College of Saint Scholastica,Primarily online,
John A. Logan College,Hybrid,
Black Hills State University,Fully in person,
Central Lakes College,Primarily online,
Sandhills Community College,Primarily online,
Western Technical College (Wis.),Primarily online,
James A. Rhodes State College,Hybrid,
University of Richmond,Primarily in person,
East Mississippi Community College,Primarily online,
Three Rivers Community College (Conn.),Primarily online,
Norwich University,Primarily in person,
College of Saint Rose,Hybrid,
Henderson State University,Primarily online,
Indiana University Northwest,Primarily online,
Fairmont State University,Hybrid,
Prairie State College,Fully online,
George Fox University,Primarily in person,
Owensboro Community and Technical College,Primarily online,
Francis Marion University,Primarily in person,
Pacific University,Primarily in person,
University of St. Francis (Ill,Primarily in person,
Trevecca Nazarene University,Primarily in person,
Iona College,Primarily online,
Indian Hills Community College,Primarily online,
Clark Atlanta University,Fully online,
Clover Park Technical College,Primarily online,
Tunxis Community College,Hybrid,
Mendocino College,Primarily online,
University of Mary Hardin-Baylor,Primarily in person,
Saint Mary's College of California,Primarily online,
Coastal Carolina Community College,Primarily online,
Central Methodist University College of Graduate and Extended Studies,Primarily online,
Victoria College,Primarily online,
Walla Walla Community College,Hybrid,
Savannah Technical College,Undetermined,
Shenandoah University,Hybrid,
Louisiana Delta Community College,Hybrid,
Mid Michigan Community College,Primarily online,
University of Mary,Primarily in person,
Bryant University,Primarily in person,
Valparaiso University,Primarily in person,
Western New England University,Primarily in person,
Bismarck State College,Primarily in person,
Cayuga Community College,Primarily in person,
Bethune-Cookman University,Primarily online,
Niagara University,Fully in person,
The Citadel,Primarily in person,
University of North Carolina at Asheville,Primarily online,
Husson University,Primarily online,
University of North Texas at Dallas,Primarily online,
Pennsylvania State University at Abington,Hybrid,
Bevill State Community College,Primarily online,
Alfred State College,Primarily in person,
Calvin College,Primarily in person,
Northwestern Michigan College,Primarily in person,
State University of New York Adirondack,Primarily online,
Mount Wachusett Community College,Fully online,
Indiana University East,Hybrid,
Coconino Community College,Hybrid,
Delta State University,Primarily in person,
St. John Fisher College,Primarily in person,
Baldwin Wallace University,Primarily in person,
Palm Beach Atlantic University,Primarily in person,
University of South Carolina at Aiken,Hybrid,
Bethel University (Minn.),Primarily in person,
West Virginia State University,Hybrid,
Wingate University,Primarily in person,
Seattle Pacific University,Hybrid,
Lewis-Clark State College,Primarily in person,
Edison State Community College,Primarily online,
Cochise College,Hybrid,
Lake Washington Institute of Technology,Primarily online,
Bucknell University,Primarily in person,
Saint Xavier University,Primarily in person,
Woodland Community College,Primarily in person,
Gordon State College (Ga.),Hybrid,
Arcadia University,Primarily online,
Ohio Christian University,Primarily in person,
Alcorn State University,Primarily online,
Davidson County Community College,Primarily in person,
Casper College,Fully in person,
St. Mary's University (Tex,Primarily online,
Shepherd University at Shepherdstown (W.VJefferson County? WV,Primarily in person,
School of the Art Institute of Chicago,Fully online,
Wayne State College,Fully in person,
Rogers State University,Primarily in person,
University of Northwestern at St. Paul (Minn,Primarily in person,
Stevenson University,Fully online,
Gardner-Webb University,Primarily in person,
Marian University (Ind.),Primarily in person,
University of Florida-Online,Fully online,
Caldwell Community College and Technical Institute,Primarily in person,
East Central University (Oklahoma),Undetermined,
Atlanta Technical College,Primarily online,
John Carroll University,Fully online,
Ulster County Community College,Primarily online,
Central Carolina Technical College,Primarily online,
College of Coastal Georgia,Fully in person,
Madisonville Community College,Primarily online,
Renton Technical College,Fully online,
Keene State College,Hybrid,
University of Hawaii Honolulu Community College,Hybrid,
St. Clair County Community College,Primarily online,
Northwest-Shoals Community College,Hybrid,
Hamline University,Primarily in person,
State University of New York College at Potsdam,Primarily online,
Northeast Mississippi Community College,Primarily in person,
Quincy College,Primarily online,
Northland Community and Technical College,Primarily online,
Warren County Community College,Fully online,
Meridian Community College,Primarily online,
Northern State University,Fully in person,
Fairleigh Dickinson University College at Florham (N.JMorris County? NJ,Primarily online,
New Hampshire Technical Institute-Concord's Community College,Primarily online,
River Parishes Community College,Undetermined,
Coastal Pines Technical College,Hybrid,
Hocking College,Primarily online,
Sowela Technical Community College,Primarily in person,
Saint Peter's University,Fully online,
Great Basin College,Primarily online,
Arkansas State University at Beebe,Hybrid,
Bay Path University,Primarily online,
Wenatchee Valley College,Fully online,
Central Ohio Technical College,Primarily online,
DeSales UniversityLehigh County? PA,Hybrid,
Spring Arbor University,Primarily in person,
Houston Baptist University,Hybrid,
Southside Virginia Community College,Hybrid,
Anderson University (S.CAnderson County? SC,Primarily in person,
Elmhurst CollegeDuPage County? IL,Hybrid,
Corning Community College,Hybrid,
University of Northwestern Ohio,Primarily online,
Augsburg University,Primarily online,
Lock Haven University,Primarily online,
Marymount University,Hybrid,
Charleston Southern University,Primarily online,
Andrews University,Primarily in person,
University of Hawaii at Hilo,Primarily online,
Goodwin College,Primarily online,
Lewis & Clark College,Hybrid,
Cascadia College,Primarily online,
Florida Gateway College,Hybrid,
Dakota State University,Fully in person,
Messiah College,Hybrid,
Cisco College,Primarily online,
Georgia Piedmont Technical CollegeDeKalb County? GA,Primarily online,
Newman University,Fully in person,
Bellarmine University,Hybrid,
Minnesota West Community and Technical College,Primarily online,
Southwest Baptist University,Primarily in person,
Babson College,Primarily online,
Le Moyne College,Primarily in person,
Carroll University,Primarily in person,
Western Nevada College,Primarily online,
Evergreen State College,Primarily online,
Fort Lewis College,Primarily in person,
Southeast Kentucky Community and Technical College,Primarily online,
Kishwaukee CollegeDeKalb County? IL,Undetermined,
Butler County Community College (Pa.),Primarily in person,
Columbus Technical College,Primarily in person,
Ridgewater College,Primarily online,
Capital Community College,Primarily in person,
Jefferson Community College,Primarily online,
Lawson State Community College,Primarily online,
Lamar Institute of Technology,Fully in person,
Cleveland State Community College,Hybrid,
Riverland Community College,Primarily online,
Eastern University,Primarily in person,
Shawnee State University,Hybrid,
Western New Mexico University,Primarily online,
Union University,Primarily in person,
Pennsylvania State University at Altoona,Hybrid,
Canisius College,Primarily in person,
Wayne Community College,Primarily online,
State University of New York College of Technology at Delhi,Primarily online,
Louisiana State University at Eunice,Primarily in person,
Xavier University of Louisiana,Primarily in person,
University of St. Thomas (Tex,Hybrid,
Siena College,Primarily in person,
Wesleyan University (Conn.),Hybrid,
State University of New York College of Technology at Canton,Hybrid,
Capital University,Primarily online,
University of Mount Olive,Primarily online,
Pacific Lutheran University,Hybrid,
Lake Michigan College,Hybrid,
University of Maryland-Eastern Shore,Primarily in person,
Minot State University,Primarily in person,
Indiana Wesleyan University,Primarily in person,
Hazard Community and Technical College,Primarily online,
Western Wyoming Community College,Primarily in person,
Northland Pioneer College,Primarily online,
Albany Technical College,Fully online,
Faulkner University,Primarily in person,
Northwood University (Mich.),Fully in person,
Brigham Young University-Hawaii,Fully online,
LeTourneau UniversityGregg County? TX,Primarily in person,
Centralia College,Primarily online,
Kaskaskia College,Primarily online,
Louisiana State University at Alexandria,Primarily in person,
Mitchell Community College,Primarily online,
Florida Southern College,Fully online,
American International College,Primarily online,
Our Lady of the Lake University,Primarily in person,
Hope College,Primarily in person,
Rockhurst University,Primarily online,
Southeastern Baptist Theological Seminary,Primarily in person,
Springfield College (Mass.),Primarily in person,
City Colleges of Chicago Kennedy-King College,Primarily online,
University of Hawaii-West Oahu,Primarily online,
Rollins College,Hybrid,
Indiana University at Kokomo,Primarily online,
Clark University,Hybrid,
University of Arkansas at Monticello,Hybrid,
Adams State University,Hybrid,
Highland Community College (Kan.),Primarily in person,
Clovis Community College (N.M),Primarily online,
Copiah-Lincoln Community College,Primarily online,
Lynn University (Fla.),Primarily in person,
University of Hawaii Maui College,Primarily online,
Northeast Texas Community College,Primarily in person,
Holy Family University,Hybrid,
Moody Bible Institute,Primarily online,
Rappahannock Community College,Primarily online,
University of Lynchburg,Fully online,
Three Rivers College (Mo.),Fully in person,
Surry Community College,Primarily online,
Central Maine Community College,Primarily online,
Hult International Business School at Boston,Hybrid,
Vance-Granville Community College,Primarily online,
Gwynedd Mercy University,Primarily online,
Nash Community College,Hybrid,
Vernon College,Primarily in person,
Barstow Community College,Fully online,
Carroll Community College,Primarily online,
St. Olaf College,Primarily in person,
Tiffin University,Primarily in person,
St. Ambrose University,Primarily in person,
D'Youville College,Hybrid,
Madonna University,Primarily in person,
Lander University,Hybrid,
Ohio Northern University,Primarily in person,
New Mexico Highlands University,Primarily online,
Western State Colorado University,Primarily in person,
Franciscan University of Steubenville,Primarily in person,
Tuskegee University,Hybrid,
Wor-Wic Community College,Hybrid,
State University of New York Polytechnic Institute,Primarily online,
South Carolina State University,Hybrid,
University of Cincinnati-Clermont College,Hybrid,
Bob Jones University,Fully in person,
Craven Community College,Primarily online,
Truett McConnell UniversityWhite County? GA,Fully in person,
Cape Cod Community College,Hybrid,
North Iowa Area Community College,Other,
Dominican University,Hybrid,
Culinary Institute of America,Primarily in person,
Nazareth College of Rochester (N.YMonroe County? NY,Hybrid,
State University of New York at Morrisville,Hybrid,
Eastern Oregon University,Primarily in person,
Dyersburg State Community College,Primarily online,
Colgate University,Hybrid,
Mount Saint Mary's University (Calif.),Hybrid,
Chicago State University,Primarily online,
North Central State College,Primarily online,
Lakeshore Technical College,Primarily online,
Wisconsin Indianhead Technical College,Primarily online,
Illinois Valley Community CollegeLaSalle County? IL,Hybrid,
North Dakota State College of Science,Primarily online,
Furman University,Hybrid,
Wheaton College (Ill.)Du,Hybrid,
East Georgia State College,Primarily in person,
Southern Adventist University,Fully in person,
College of the Holy Cross,Fully online,
Cumberland County College,Undetermined,
North Central CollegeDuPage County? IL,Primarily in person,
Monroe County Community College,Primarily online,
Lawrence Technological University,Primarily online,
South Florida State College,Other,
Georgia Southwestern State University,Primarily in person,
Edward Waters College,Primarily online,
Smith College,Fully online,
North Park University,Primarily in person,
Otterbein University,Primarily online,
Mineral Area College,Hybrid,
Northeast Alabama Community College,Primarily online,
Ohio State University at Newark,Hybrid,
Carthage College,Primarily in person,
Bishop State Community College,Fully online,
College of New Rochelle (N.YWestchester County? NY,Hybrid,
Marywood University,Hybrid,
South Piedmont Community College,Primarily online,
Brenau University,Primarily in person,
Danville Community College,Undetermined,
Kankakee Community College,Primarily online,
Milwaukee School of Engineering,Hybrid,
Lower Columbia College,Primarily online,
Oberlin College,Primarily online,
University of Minnesota at Crookston,Hybrid,
Midwestern Baptist Theological Seminary,Hybrid,
Alvernia University,Primarily in person,
Randolph Community College,Hybrid,
McDaniel CollegeCarroll County? MD,Primarily online,
Walsh University,Primarily in person,
Wabash Valley College,Primarily in person,
Embry-Riddle Aeronautical University at Prescott (Ariz.),Fully in person,
Whitworth University,Primarily in person,
Fort Valley State University,Primarily in person,
Oklahoma City University,Primarily in person,
Baker University,Primarily in person,
Panola College,Primarily in person,
New England Institute of Technology,Primarily online,
Regis College,Primarily online,
United Talmudical Seminary,Other,
Hopkinsville Community College,Hybrid,
Life University,Other,
South Central College,Primarily online,
Sul Ross State University,Primarily in person,
Coppin State University,Hybrid,
Mississippi University for Women,Primarily online,
Umpqua Community College,Primarily online,
Lenoir-Rhyne University,Primarily in person,
Morningside College,Primarily in person,
Lenoir Community College,Hybrid,
Mid-State Technical College,Primarily online,
Central Louisiana Technical Community College,Primarily in person,
Mercyhurst University,Hybrid,
University of Puget Sound,Fully online,
Cowley County Community College,Primarily in person,
City Colleges of Chicago Olive-Harvey College,Primarily online,
Lassen Community College,Other,
Pennsylvania Highlands Community College,Primarily online,
South Dakota School of Mines and Technology,Hybrid,
Miami University at Hamilton (Ohio),Primarily online,
Southern University at Shreveport (La.),Other,
Salve Regina University,Primarily in person,
Lafayette College,Fully online,
Trinity University,Hybrid,
Sage Colleges,Hybrid,
University of Hawaii Hawaii Community College,Primarily online,
East Central College,Primarily in person,
Chicago School of Professional Psychology at Los Angeles,Fully online,
University of Charleston,Primarily in person,
Danville Area Community College,Hybrid,
Alexandria Technical and Community College,Primarily in person,
Skidmore College,Hybrid,
North Georgia Technical College,Hybrid,
University of Montevallo,Primarily in person,
Saint Francis University (Pa.),Hybrid,
Middlebury College,Hybrid,
Flager College at St. Augustine (Fla,Hybrid,
University of Wisconsin at Superior,Primarily online,
East Central Community College,Primarily in person,
Wilkes Community College,Primarily online,
University of Pittsburgh at Johnstown,Primarily online,
Neumann University,Primarily online,
Viterbo University,Primarily in person,
Johnson State College,Primarily in person,
Lindsey Wilson College,Primarily in person,
Allegany College of Maryland,Hybrid,
Curry College,Primarily in person,
University of Arkansas at Pine Bluff,Primarily online,
Pennsylvania State University-Berks,Hybrid,
North Greenville University,Primarily in person,
Manchester Community College (N.HHillsborough County? NH,Primarily online,
Daemen College,Primarily online,
King's College (Pa.),Primarily in person,
Concordia University Texas,Hybrid,
Misericordia University,Primarily in person,
Barnard College,Fully online,
Carson-Newman University,Primarily in person,
College of the Albemarle,Primarily online,
Stonehill College,Hybrid,
Richmond Community College,Hybrid,
Cleveland Community College,Fully in person,
Southeastern Community College (Iowa),Primarily in person,
Middlesex Community College (Conn.),Primarily in person,
Stanly Community College,Primarily online,
Augustana College (Ill.),Primarily in person,
University of Dallas,Hybrid,
Ashland Community and Technical College,Primarily online,
Allen County Community College,Primarily online,
Queens University of Charlotte,Fully online,
Wellesley College,Primarily online,
West Liberty University,Primarily online,
Dakota County Technical College,Primarily online,
St. Lawrence University,Hybrid,
New England College,Primarily online,
John Brown University,Fully in person,
Moravian College,Hybrid,
Wytheville Community College,Primarily online,
Mountain Empire Community College,Primarily in person,
Lakeland University,Primarily online,
Columbia College (Calif.),Primarily online,
McKendree UniversitySt. Clair County? IL,Primarily in person,
Manhattanville College,Primarily online,
Rend Lake College,Primarily online,
South Georgia State College,Fully in person,
Lincoln University (Mo.),Primarily in person,
Westminster College (Utah),Primarily in person,
Richland Community College,Primarily online,
Richard Bland College,Hybrid,
Kennebec Valley Community College,Primarily online,
Rhode Island School of Design,Primarily online,
University of Saint Joseph,Hybrid,
University of Hawaii Windward Community College,Primarily online,
Georgian Court University,Primarily online,
Vassar College,Hybrid,
Southern State Community College,Primarily online,
Fulton-Montgomery Community College,Primarily online,
Piedmont College,Primarily in person,
Chadron State College,Hybrid,
Immaculata University,Primarily in person,
University of Evansville,Primarily online,
Limestone College,Primarily in person,
Gettysburg College,Primarily online,
Lamar State College at Port Arthur (Tex.),Fully in person,
Siena Heights University,Primarily in person,
Galveston College,Hybrid,
Delaware Valley University,Primarily in person,
Assumption College,Primarily online,
Eastern New Mexico University at Roswell,Primarily in person,
Concordia University (Neb.),Hybrid,
Ranger College,Hybrid,
St. Francis College (NKings County? NY,Primarily online,
Muskingum University,Fully in person,
Mount St. Mary's University (Md,Hybrid,
Cumberland University,Other,
Lake Tahoe Community College,Primarily online,
University of Mount Union,Hybrid,
West Virginia University at Parkersburg,Primarily online,
Oklahoma State University Institute of Technology at Okmulgee,Primarily in person,
Dickinson College,Fully online,
Herkimer County Community College,Hybrid,
Susquehanna University,Primarily in person,
Eastern Maine Community College,Primarily online,
Marion Technical College,Primarily online,
Denison University,Hybrid,
Cecil College,Primarily online,
Orangeburg-Calhoun Technical College,Primarily online,
Virginia Highlands Community College,Primarily online,
University of Dubuque,Hybrid,
St. Bonaventure University,Primarily in person,
Northwest State Community College,Hybrid,
Lincoln University (Pa.),Primarily online,
Mississippi Delta Community College,Primarily in person,
Tompkins Cortland Community College,Primarily online,
Southwest Virginia Community College,Primarily online,
Nunez Community College,Primarily online,
Notre Dame of Maryland University,Hybrid,
Southwestern Community College (N.CJackson County? NC,Primarily online,
Willamette University,Hybrid,
Los Angeles Pacific University,Fully online,
Southern University at New Orleans,Hybrid,
Mount Saint Mary College (N.YOrange County? NY,Hybrid,
Flathead Valley Community College,Primarily online,
Nyack College,Primarily online,
Lamar State College-Orange,Primarily in person,
Hardin-Simmons University,Hybrid,
Muhlenberg College,Fully online,
La Sierra University,Hybrid,
Chatham University,Primarily in person,
Mount Holyoke College,Fully online,
North Central Michigan College,Primarily in person,
Rivier University,Primarily in person,
University of Pikeville,Primarily in person,
Bellingham Technical College,Fully online,
Kettering University,Primarily in person,
Franklin & Marshall College,Hybrid,
William Woods University,Primarily in person,
Alfred University,Primarily in person,
Sussex County Community College,Primarily in person,
Seton Hill University,Primarily in person,
Mississippi Valley State University,Primarily online,
Cabrini University,Hybrid,
Snead State Community College,Hybrid,
State University of New York College of Agriculture and Technology at Cobleskill,Primarily in person,
Zane State College,Primarily online,
Arkansas State University-Newport,Primarily in person,
Aiken Technical College,Primarily online,
Goucher College,Fully online,
University of Alaska-Southeast,Primarily online,
Patrick Henry Community College,Primarily in person,
Drew University,Fully online,
Everglades University at Boca Raton (Fla.),Hybrid,
Community College of Beaver County,Primarily online,
Thomas More University,Hybrid,
Art Center College of Design,Hybrid,
Point University,Primarily in person,
Technical College of the Lowcountry,Primarily online,
New Mexico Junior College,Primarily in person,
Lake Area Technical Institute,Primarily in person,
Kent State University-Trumbull,Primarily online,
Mount Vernon Nazarene University,Primarily in person,
Gustavus Adolphus College,Primarily online,
Hobart and William Smith Colleges,Hybrid,
Texas Wesleyan University,Hybrid,
Trinity College (Conn.),Primarily in person,
Cambridge College,Fully online,
California Institute of Technology,Fully online,
University of the Sciences in Philadelphia,Primarily online,
St. Norbert College,Primarily online,
Terra State Community College,Primarily in person,
Oklahoma Christian University,Primarily in person,
Washington and Lee University,Primarily in person,
Blackhawk Technical College,Primarily in person,
State University of New York College of Environmental Science and Forestry,Primarily online,
Wagner College,Hybrid,
Indiana Institute of Technology,Primarily online,
Mid-Plains Community College,Primarily online,
Feather River College,Primarily online,
Emmanuel College (Mass.),Other,
Bard College,Primarily in person,
Morehouse College,Fully online,
Northwest Nazarene University,Primarily in person,
University of Saint Francis (Ind.),Primarily in person,
Union College (N.YSchenectady County? NY,Hybrid,
Castleton University,Fully online,
Taylor University,Hybrid,
Edgewood College,Hybrid,
University of New Mexico at GallupMcKinley County? NM,Hybrid,
Caldwell University,Hybrid,
Atlanta Metropolitan State College,Fully in person,
Blue Ridge Community College (N.CHenderson County? NC,Primarily online,
Kent State University-Geauga,Hybrid,
Palmer College of Chiropractic,Primarily online,
Western Texas College,Hybrid,
Franklin Pierce University,Primarily in person,
Labette Community College,Hybrid,
Maryland Institute College of Art,Fully online,
Macalester College,Primarily online,
Claflin University,Primarily online,
Spelman College,Fully online,
Vanguard University of Southern California,Primarily online,
Kent State University-Tuscarawas,Hybrid,
Southeast Technical Institute,Primarily in person,
Benedict College,Hybrid,
Mount St. Joseph University,Primarily online,
L.ETerrebonne Parish? LA,Hybrid,
Southwestern Oregon Community College,Primarily in person,
DePauw UniversityPutnam County? IN,Primarily in person,
Chaminade University of Honolulu,Primarily online,
Williams College,Primarily in person,
Cardinal Stritch University,Primarily in person,
Medaille College,Primarily in person,
Colorado College,Fully online,
Murray State College,Hybrid,
Rose-Hulman Institute of Technology,Hybrid,
Herzing University at Madison (Wis.),Undetermined,
Augustana University (S.DMinnehaha County? SD,Primarily in person,
Cornerstone University,Hybrid,
Southwestern Michigan College,Primarily in person,
Concordia College at Moorhead,Primarily in person,
Benedictine College,Primarily in person,
Lancaster Bible College,Primarily in person,
Langston University,Primarily online,
University of South Carolina at Beaufort,Hybrid,
Peru State College,Primarily in person,
City University of Seattle,Hybrid,
Saint Joseph's College of Maine,Primarily online,
Southwestern Assemblies of God University,Primarily in person,
Central State University,Primarily in person,
Evangel University,Primarily online,
Carleton College,Hybrid,
Texas A&M University at Texarkana,Primarily in person,
Nebraska Wesleyan University,Primarily in person,
Millikin University,Hybrid,
Methodist University,Fully in person,
Connors State College,Hybrid,
Massachusetts College of Art and Design,Hybrid,
South Georgia Technical College,Primarily online,
Chipola College,Primarily in person,
Southern Nazarene University,Primarily in person,
Chesapeake College,Primarily online,
Carlow University,Primarily online,
Lake Region State College,Primarily in person,
University of South Florida-Sarasota/Manatee,Hybrid,
University of Virginia's College at Wise,Primarily online,
Marymount Manhattan College,Primarily online,
Lasell College,Hybrid,
Master's University and Seminary,Primarily in person,
Peninsula College,Undetermined,
Iowa Lakes Community College,Hybrid,
Big Bend Community College,Primarily online,
University of New Mexico-Valencia,Hybrid,
University of Maine at Farmington,Hybrid,
Concord University (W.Va,Primarily in person,
Freed-Hardeman University,Fully in person,
Rhodes College,Fully online,
Christian Brothers University,Primarily in person,
North Carolina Wesleyan College,Primarily in person,
Grace College and Seminary,Fully in person,
Kent State University at Ashtabula,Primarily online,
Granite State College,Fully online,
Southwest Mississippi Community College,Undetermined,
Saint Anselm College,Primarily in person,
Pine Technical College,Primarily online,
National Park College,Fully online,
Roanoke College,Hybrid,
Berry College,Primarily in person,
Ogeechee Technical College,Other,
Edgecombe Community College,Primarily online,
Oklahoma Baptist University,Fully in person,
Southwest Wisconsin Technical College,Primarily in person,
Roxbury Community College,Primarily online,
Eckerd College,Primarily in person,
Hood College,Hybrid,
Hamilton College (N.YOneida County? NY,Hybrid,
Luther College,Hybrid,
College of Wooster (Ohio),Primarily online,
Felician University,Hybrid,
St. Thomas Aquinas College,Primarily in person,
Colby College,Primarily in person,
Bowling Green State University Firelands College,Hybrid,
Latter-Day Saints Business College,Primarily in person,
Graceland University (Iowa),Primarily in person,
Northwestern Oklahoma State University,Primarily online,
Lake Superior State University,Primarily in person,
Fond du Lac Tribal and Community College,Primarily in person,
North Country Community College,Primarily online,
University of Connecticut-Stamford,Primarily in person,
Central Wyoming College,Primarily online,
Neosho County Community College,Primarily in person,
Dominican College of Blauvelt,Hybrid,
Gordon College (Mass.),Hybrid,
Saint Michael's College,Primarily in person,
King University (Tenn.),Primarily in person,
Isothermal Community College,Hybrid,
Asbury University,Primarily online,
U.TOrange County? NY,Other,
Mid-America Christian University,Primarily in person,
Bay De Noc Community College,Hybrid,
Robert Morris University Illinois,Primarily online,
Albright College,Hybrid,
Frontier Community College,Primarily in person,
Marshalltown Community College,Hybrid,
Occidental College,Fully online,
Redlands Community College,Primarily in person,
Friends University,Primarily in person,
Keuka College,Primarily in person,
John Wood Community College,Primarily in person,
Lebanon Valley College,Primarily in person,
Garden City Community College,Primarily in person,
University of the Arts,Fully online,
Meredith College,Primarily in person,
University of Arkansas Community College at Morrilton,Primarily online,
Mary Baldwin University,Primarily in person,
Carl Albert State College,Undetermined,
Coffeyville Community College,Fully in person,
Northeastern Oklahoma A&M College,Hybrid,
Coahoma Community College,Undetermined,
New Mexico Institute of Mining and Technology,Primarily online,
Great Bay Community College,Primarily online,
Grand View University,Primarily in person,
University of Mobile,Primarily in person,
MidAmerica Nazarene UniversityJohnson County? KS,Fully in person,
Midland University,Primarily in person,
Mountwest Community and Technical College,Hybrid,
Lackawanna College,Primarily online,
Seward County Community College/Area Technical School,Primarily in person,
Missouri State University at West Plains,Primarily online,
Fort Scott Community College,Primarily in person,
Grays Harbor College,Primarily in person,
Saint Vincent College,Hybrid,
Missouri Valley College,Primarily in person,
Treasure Valley Community College,Primarily in person,
College of Mount Saint Vincent,Primarily in person,
Carl Sandburg College,Hybrid,
Asnuntuck Community College,Primarily in person,
Bridgewater College,Primarily in person,
Adrian College,Primarily in person,
Trenholm State Technical College,Primarily online,
Amherst College,Primarily online,
North Central Missouri College,Primarily online,
Walla Walla University,Hybrid,
Whittier College,Primarily online,
Alverno College,Other,
Minnesota State College Southeast,Primarily online,
Buena Vista University,Fully in person,
Connecticut College,Other,
Montana Technological University,Fully in person,
Anoka Technical College,Primarily online,
Clarendon College,Primarily online,
Davidson College,Hybrid,
Cloud County Community College,Primarily in person,
Becker College at Worcester (Mass.),Fully online,
Mount Mercy University,Primarily in person,
Bates College,Primarily in person,
Miami University at Middletown (Ohio),Primarily in person,
Pierpont Community and Technical College,Primarily in person,
Bowdoin College,Primarily online,
Western Nebraska Community College,Fully in person,
Greenfield Community College,Primarily online,
Marian University (Wis.),Primarily in person,
Southeastern Technical College,Fully online,
North Arkansas College,Primarily online,
California College of the Arts,Fully online,
Lubbock Christian University,Primarily in person,
Centenary University,Other,
Massachusetts Maritime Academy,Primarily in person,
Wittenberg University,Hybrid,
Pennsylvania College of Health Sciences,Primarily in person,
Washington State Community College (Ohio),Primarily in person,
Chestnut Hill College,Fully online,
University of Maine at Fort Kent,Primarily online,
New Mexico State University at Carlsbad,Primarily online,
Sewanee: The University of the South,Hybrid,
Mount Aloysius College,Primarily in person,
Lurleen B. Wallace Community College,Primarily online,
College of Saint Benedict,Hybrid,
Trinity Washington University,Primarily online,
Dominican University of California,Primarily online,
Western Piedmont Community College,Hybrid,
Kentucky State University,Primarily online,
Saint John's University (Minn.),Hybrid,
Trinity International University,Primarily in person,
Allegheny College,Fully in person,
Thomas College (Me.),Primarily in person,
Wheaton College (Mass.),Hybrid,
Aquinas College (Mich.),Primarily online,
Spalding University,Hybrid,
West Virginia University Institute of Technology,Primarily in person,
Copper Mountain College,Primarily online,
Northwest Iowa Community College,Primarily in person,
Roberts Wesleyan College,Primarily online,
Concordia College (N.YWestchester County? NY,Primarily online,
Tusculum University,Primarily in person,
State University of New York Maritime College,Primarily in person,
Drury University,Fully in person,
Kenyon College,Primarily online,
Anderson University (Ind.),Primarily in person,
Ohio Dominican University,Primarily in person,
Grinnell College,Fully online,
Harris-Stowe State University,Primarily in person,
Sarah Lawrence College,Primarily online,
Enterprise State Community College,Primarily online,
AdventHealth UniversityOrange County? FL,Primarily online,
University of Rio Grande,Primarily in person,
Notre Dame College (Ohio),Hybrid,
Ranken Technical College,Fully in person,
Kent State University at Salem,Primarily online,
Berkshire Community College,Primarily online,
William Jessup University,Hybrid,
Illinois Wesleyan UniversityMcLean County? IL,Primarily online,
Wilson Community College,Primarily online,
Bryn Mawr College,Primarily in person,
BridgeValley Community & Technical CollegeKanawha County? WV,Primarily online,
Elizabethtown College,Primarily in person,
Bloomfield College,Primarily online,
Virginia Military Institute,Primarily in person,
Rockingham Community College,Primarily online,
University of Akron-Wayne College,Primarily online,
Central Alabama Community College,Primarily online,
Johnson & Wales University at Charlotte (N.CMecklenburg County? NC,Primarily online,
Blue Mountain Community College,Primarily online,
College of the Siskiyous,Hybrid,
Elizabeth City State University,Hybrid,
American Musical and Dramatic Academy,Primarily online,
Waynesburg University,Primarily in person,
Berea College,Primarily online,
Touro University Worldwide,Fully online,
Robeson Community College,Hybrid,
Midway University,Primarily in person,
Malone University,Hybrid,
Montcalm Community College,Primarily in person,
Wofford College,Primarily in person,
Fisher College,Primarily in person,
Ouachita Baptist University,Primarily online,
Toccoa Falls College,Primarily in person,
Pittsburgh Technical Institute,Primarily online,
Southeastern Illinois College,Primarily online,
Avila University,Hybrid,
Charter Oak State College,Fully online,
Vermont Technical College,Hybrid,
Oakwood University,Primarily in person,
New Mexico State University at Alamogordo,Primarily online,
York County Community College,Primarily online,
Mansfield University of Pennsylvania,Primarily in person,
Sauk Valley Community College,Primarily online,
Haywood Community College,Hybrid,
Nashua Community College,Primarily online,
University of Sioux Falls,Fully in person,
East Texas Baptist University,Hybrid,
Saint Mary's College (Ind.),Primarily in person,
Doane University at Lincoln,Hybrid,
Georgetown College,Primarily in person,
Saint Martin's University,Hybrid,
Seminole State College,Primarily in person,
Navajo Technical UniversityMcKinley County? NM,Primarily online,
Highland Community College (Ill.),Other,
Cedar Crest College,Primarily online,
Nichols College,Primarily in person,
Maharishi University of Management,Primarily online,
Ohio University at Chillicothe,Hybrid,
Henderson Community College,Hybrid,
Glenville State College,Primarily in person,
Columbia-Greene Community College,Primarily online,
Black River Technical College,Primarily in person,
St. Mary's College of Maryland,Primarily in person,
Logan University,Primarily in person,
Guilford College,Primarily in person,
Pomona College,Fully online,
Ohio University Lancaster Campus,Hybrid,
Chattahoochee Valley Community College,Other,
Reinhardt University,Hybrid,
College of the Ozarks,Primarily in person,
Johnson C. Smith University,Fully online,
Dordt College,Fully in person,
Ringling College of Art and Design,Primarily online,
Ohio Wesleyan University,Primarily in person,
Swarthmore College,Primarily online,
University of Arkansas Community College-Hope-Texarkana,Primarily online,
Gallaudet University,Fully online,
Belmont Abbey College,Primarily in person,
University of Maine at Presque Isle,Hybrid,
University of Minnesota at Morris,Hybrid,
Virginia Union University,Undetermined,
Southern Wesleyan University,Fully online,
Miles College,Primarily in person,
Dodge City Community College,Fully in person,
Southwestern Community College (Iowa),Primarily online,
Valley City State University,Hybrid,
Beaufort County Community College,Primarily in person,
Geneva College,Primarily in person,
Trinidad State Junior College,Hybrid,
Drury University-College of Continuing Professional Studies,Primarily in person,
Vaughn College of Aeronautics and Technology,Hybrid,
West Virginia Northern Community College,Primarily online,
Eastern Oklahoma State College,Hybrid,
Sullivan County Community College,Primarily online,
Albion College,Fully in person,
Elms College,Primarily online,
Manchester University,Primarily in person,
University of South Carolina at Lancaster,Primarily in person,
University of Montana Helena College of Technology,Primarily online,
Phillips Community College of the University of Arkansas,Hybrid,
Dine College,Primarily online,
Cossatot Community College of the University of Arkansas,Primarily in person,
Montana State University College of Technology at Great Falls,Primarily online,
Southwestern College (Kan.),Hybrid,
Klamath Community College,Undetermined,
Bethel College (Ind.),Primarily in person,
Lake Forest College,Fully online,
Mercy College of Ohio,Primarily online,
Crown College (Minn.),Hybrid,
University of Pittsburgh at Greensburg,Hybrid,
University of Montana Western,Primarily in person,
Johnson & Wales University-Online,Fully online,
California Institute of the Arts,Primarily online,
Reed College,Hybrid,
Wilson College (Pa.),Fully online,
Wartburg College,Primarily in person,
Kaplan University at Indianapoli,Fully online,
Goldey-Beacom College,Fully online,
Northeastern Junior College,Hybrid,
Notre Dame de Namur University,Fully online,
Kirtland Community College,Primarily online,
Loras College,Hybrid,
Northwest College (Wyo.),Hybrid,
Randolph-Macon College,Primarily online,
University of Hawaii Kauai Community College,Hybrid,
College for Creative Studies,Primarily online,
Frank Phillips College,Undetermined,
Brunswick Community College,Primarily online,
George Corley Wallace State Community College at Selma (Ala.),Other,
Whitman College,Primarily online,
South Arkansas Community College,Undetermined,
State Technical College of Missouri,Primarily in person,
Kalamazoo College,Fully online,
Lawrence University,Hybrid,
Eastern Wyoming College,Undetermined,
Anna Maria College,Primarily in person,
Southern West Virginia Community and Technical College,Primarily in person,
Albertus Magnus College,Primarily in person,
Massachusetts College of Liberal Arts,Hybrid,
Shorter University,Other,
Southeastern Community College (N.CColumbus County? NC,Primarily online,
Simpson College (Iowa),Primarily in person,
Lourdes University,Primarily in person,
